seconds,rss_bytes,gc_heap_bytes,threads,process_cpu_percent,capacity_cpu_percent,available_ram_bytes,cpu_psi_percent,memory_psi_percent
0.060582,87699456,3313432,10,105.8486,58.0993,6614913024,0.0000,0.0000
0.123025,102940672,3425144,10,122.1456,62.4609,6613602304,0.0000,0.0000
0.176101,129122304,3586808,11,99.9504,56.9505,6589911040,0.0000,0.0000
0.226859,136953856,6638168,11,79.4909,55.9333,6585290752,0.0000,0.0000
0.279979,143065088,9597832,11,99.9607,56.6431,6581432320,0.0000,0.0000
0.332677,145739776,10047840,11,99.8861,56.9535,6578700288,0.0000,0.0000
0.383422,146079744,10381792,11,104.1150,59.2497,6578438144,0.0000,0.0000
0.436128,146673664,10799400,11,100.0063,57.8702,6577258496,0.0000,0.0000
0.490795,147492864,11222912,11,114.1136,68.7746,6575149056,0.0000,0.0000
0.543666,148320256,11643912,11,126.1715,61.6866,6574194688,0.0000,0.0000
0.596565,148701184,12003536,11,99.8645,61.7541,6573002752,0.0000,0.0000
0.650778,149938176,12432512,11,189.6530,65.2972,6572081152,0.0000,0.0000
0.704060,150360064,12821472,11,101.6407,64.6339,6573518848,0.0000,0.0000
0.758782,150888448,13259424,11,116.6506,61.1183,6572732416,0.0000,0.0000
0.811737,151519232,13691712,11,145.3383,62.4799,6572490752,0.0000,0.0000
0.865711,151863296,14023376,11,99.8940,56.1055,6571966464,0.0000,0.0000
0.916439,155389952,14351888,11,104.0145,59.0802,6568697856,0.0000,0.0000
0.967114,172474368,15047504,11,103.9662,59.3053,6551764992,0.0000,0.0000
1.019921,172576768,15153904,11,100.0915,56.9592,6551502848,0.0000,0.0000
1.072802,172679168,15255352,11,100.0420,56.9233,6551502848,0.0000,0.0000
1.123773,173563904,15734816,11,157.1574,65.6866,6550532096,0.0000,0.0000
1.175487,177115136,16543920,11,103.9438,58.3402,6547021824,0.0000,0.0000
1.228540,177225728,16648912,11,99.8534,56.7320,6547021824,0.0000,0.0000
1.279301,177352704,16756976,11,103.9858,59.2317,6546759680,0.0000,0.0000
1.332137,177930240,17173480,11,140.8115,62.0161,6546055168,0.0000,0.0000
1.382995,178393088,17614040,11,105.5737,59.3399,6545268736,0.0000,0.0000
1.438787,178905088,18076752,11,111.9169,59.6396,6544982016,0.0000,0.0000
1.491698,184225792,6017464,11,186.8012,67.6700,6539841536,0.0000,0.0000
1.548477,184287232,6515064,11,111.2234,59.4287,6539579392,0.0000,0.0000
1.599189,184299520,6913952,11,104.0377,58.4697,6539579392,0.0000,0.0000
1.652024,184320000,7340264,11,99.8760,55.3062,6539628544,0.0000,0.0000
1.704784,184344576,7833608,11,137.3284,59.8292,6539366400,0.0000,0.0000
1.755529,184479744,8294048,11,203.8073,70.2258,6539366400,0.0000,0.0000
1.808604,184487936,8699352,11,101.6821,56.8307,6539481088,0.0000,0.0000
1.859315,184496128,9092120,11,104.0092,59.2809,6539481088,0.0000,0.0000
1.912076,184508416,9577248,11,99.8446,56.9213,6539218944,0.0000,0.0000
1.964834,184549376,10027840,11,114.6805,58.8158,6539694080,0.0000,0.0000
2.015496,192180224,10658432,11,203.8546,71.8101,6531903488,0.0000,0.0000
2.068262,192278528,10765328,11,199.9973,69.5343,6531641344,0.0000,0.0000
2.119298,195035136,11061304,11,180.1456,68.4985,6529040384,0.0000,0.0000
2.172388,195043328,11439552,11,99.9051,56.6560,6529040384,0.0000,0.0000
2.223039,195076096,11809576,11,104.1137,59.3374,6528892928,0.0000,0.0000
2.275753,195084288,12517568,11,99.8038,56.9982,6528892928,0.0000,0.0000
2.326769,195162112,12628696,11,141.0919,63.6316,6529101824,0.0000,0.0000
2.379676,195268608,12735600,11,199.5989,69.3021,6528839680,0.0000,0.0000
2.432392,195338240,13219896,11,106.4798,57.7826,6528577536,0.0000,0.0000
2.483028,195338240,13590200,11,103.9474,59.3303,6528540672,0.0000,0.0000
2.535713,195346432,14083256,11,100.0607,57.0383,6528278528,0.0000,0.0000
2.588704,195371008,14546392,11,110.0705,58.7798,6528335872,0.0000,0.0000
2.639256,195616768,14907920,11,203.8622,72.5288,6527352832,0.0000,0.0000
2.692062,195616768,15335232,11,100.6884,64.6994,6526566400,0.0000,0.0000
2.744919,195657728,15655632,11,96.5301,57.8794,6526566400,0.0000,0.0000
2.795468,196304896,16389712,11,216.9454,74.6270,6527520768,0.0000,0.0000
2.848160,196313088,16496352,11,109.7685,58.2538,6527520768,0.0000,0.0000
2.898788,196321280,16602992,11,103.9859,59.3491,6527520768,0.0000,0.0000
2.950760,197124096,16955136,11,197.3863,69.7743,6526734336,0.0000,0.0000
3.003406,197246976,17391216,11,199.7823,69.0812,6526734336,0.0000,0.0000
3.056040,197296128,17851408,11,118.9550,57.6940,6526472192,0.0000,0.0000
3.108617,197304320,18303400,11,99.8688,55.3001,6526472192,0.0000,0.0000
3.160530,197447680,18687064,11,103.9950,57.4233,6526472192,0.0000,0.0000
3.211082,197885952,19119304,11,104.1248,59.4413,6525947904,0.0000,0.0000
3.263720,198508544,19733384,11,99.8587,57.3238,6525423616,0.0000,0.0000
3.316447,198619136,19840120,11,99.9719,56.7389,6525423616,0.0000,0.0000
3.367364,198848512,20050752,11,104.0069,59.0896,6524899328,0.0000,0.0000
3.420070,199340032,20516832,11,101.1327,57.1209,6524637184,0.0000,0.0000
3.470745,199770112,20942232,11,103.7052,60.0981,6524293120,0.0000,0.0000
3.523447,200224768,21396728,11,100.0085,57.0424,6523768832,0.0000,0.0000
3.576204,200679424,21818288,11,99.7976,56.9204,6523248640,0.0000,0.0000
3.626855,201101312,22242408,11,103.8935,59.3025,6522986496,0.0000,0.0000
3.679603,201605120,22696800,11,99.8263,56.9246,6518267904,0.0000,0.0000
3.736535,205881344,6334096,11,111.8943,58.7140,6518267904,0.0000,0.0000
3.788122,205881344,6760760,11,104.1632,58.5066,6518267904,0.0000,0.0000
3.840722,205893632,7231344,11,100.1437,57.1428,6518267904,0.0000,0.0000
3.891383,205897728,7623824,11,103.9553,59.3126,6518267904,0.0000,0.0000
3.943220,205914112,8180704,11,109.6287,58.9311,6518267904,0.0000,0.0000
3.996371,205930496,8287680,11,105.7005,57.7469,6518267904,0.0000,0.0000
4.046974,205938688,8583032,11,104.0266,59.0047,6518267904,0.0000,0.0000
4.099750,205963264,8952744,11,99.9265,56.0307,6518267904,0.0000,0.0000
4.153930,206024704,9371800,11,196.8974,68.9803,6518267904,0.0000,0.0000
4.203700,206061568,9986256,11,205.7231,72.5970,6518267904,0.0000,0.0000
4.257030,206065664,10093232,11,101.1316,57.1305,6518267904,0.0000,0.0000
4.307545,206082048,10200024,11,109.9999,59.3455,6518267904,0.0000,0.0000
4.360262,206155776,10684328,11,175.5793,65.5575,6518005760,0.0000,0.0000
4.410803,206180352,10980048,11,104.0209,58.6333,6518005760,0.0000,0.0000
4.463486,206192640,11407048,11,99.9706,56.5824,6518005760,0.0000,0.0000
4.516099,206196736,11768576,11,99.8924,57.0525,6518005760,0.0000,0.0000
4.568839,206200832,12154768,11,100.3134,57.0275,6518005760,0.0000,0.0000
4.619432,206204928,12516304,11,103.8770,59.3592,6517743616,0.0000,0.0000
4.672083,206209024,13169352,11,99.8099,56.9137,6517743616,0.0000,0.0000
4.723212,206217216,13275992,11,104.0108,58.4369,6517743616,0.0000,0.0000
4.775815,206233600,13481248,11,99.7899,56.6234,6517743616,0.0000,0.0000
4.828475,206233600,13908568,11,99.8128,56.8424,6517743616,0.0000,0.0000
4.879036,206241792,14268840,11,104.1303,59.4256,6517743616,0.0000,0.0000
4.931844,206249984,14789704,11,99.8330,56.8908,6517743616,0.0000,0.0000
4.984484,206254080,15059880,11,99.8355,57.5210,6517743616,0.0000,0.0000
5.035291,206258176,15462520,11,103.5820,58.6515,6517542912,0.0000,0.0000
5.088021,206266368,15914488,11,99.7371,56.5467,6517542912,0.0000,0.0000
5.139194,206274560,16474520,11,104.4475,58.4555,6517542912,0.0000,0.0000
5.191779,206274560,16581160,11,99.8416,56.7628,6517542912,0.0000,0.0000
5.244442,206274560,16753528,11,99.8487,57.0465,6517542912,0.0000,0.0000
5.294982,206282752,17205520,11,103.9383,59.4430,6517542912,0.0000,0.0000
5.347593,206295040,17657520,11,99.9411,57.1299,6517542912,0.0000,0.0000
5.400255,206307328,18067688,11,99.7598,56.9955,6517547008,0.0000,0.0000
5.450805,206315520,18519656,11,103.9304,59.3780,6517547008,0.0000,0.0000
5.503385,206327808,18979832,11,99.8539,56.2751,6517633024,0.0000,0.0000
5.555927,206372864,19464720,11,99.9581,57.9908,6517633024,0.0000,0.0000
5.608529,206389248,19883808,11,99.8464,57.2979,6517633024,0.0000,0.0000
5.659065,206389248,20270000,11,103.9149,58.9107,6517633024,0.0000,0.0000
5.711638,206397440,20639744,11,99.8024,56.6354,6517633024,0.0000,0.0000
5.764270,206409728,21099944,11,99.8911,56.1364,6517633024,0.0000,0.0000
5.814754,206413824,21519048,11,103.9258,58.9621,6517633024,0.0000,0.0000
5.867364,206426112,22243736,11,99.8365,56.8680,6517633024,0.0000,0.0000
5.920095,206434304,22350376,11,102.8579,57.3420,6517633024,0.0000,0.0000
5.972734,206454784,22580312,11,99.8946,57.0704,6517370880,0.0000,0.0000
6.023237,206467072,6218064,11,105.6254,59.6672,6517370880,0.0000,0.0000
6.075854,206467072,6645216,11,99.8364,56.8788,6517370880,0.0000,0.0000
6.126722,206467072,7097192,11,104.0262,58.6746,6517370880,0.0000,0.0000
6.179343,206467072,7524504,11,99.8316,56.5988,6517370880,0.0000,0.0000
6.231964,206467072,7951832,11,99.8636,56.9903,6517370880,0.0000,0.0000
6.284551,206467072,8312640,11,99.8311,57.0992,6517370880,0.0000,0.0000
6.335069,206467072,8740512,11,103.9437,59.4552,6517370880,0.0000,0.0000
6.387633,206467072,9077352,11,99.8630,57.1518,6517370880,0.0000,0.0000
6.440271,206467072,9480008,11,99.8894,57.0376,6517370880,0.0000,0.0000
6.490804,206467072,9931992,11,103.9255,59.4363,6517370880,0.0000,0.0000
6.543442,206467072,10405816,11,99.9124,57.0668,6517370880,0.0000,0.0000
6.596073,206467072,10907160,11,99.7914,57.0773,6517370880,0.0000,0.0000
6.648651,206467072,11334480,11,99.8505,57.0465,6517370880,0.0000,0.0000
6.699124,206467072,11752848,11,103.9998,58.9931,6517370880,0.0000,0.0000
6.751656,206467072,12211752,11,99.8428,56.7010,6517370880,0.0000,0.0000
6.804227,206467072,12667688,11,99.8691,56.8899,6517370880,0.0000,0.0000
6.856781,206467072,13150656,11,99.8385,57.1406,6517370880,0.0000,0.0000
6.907530,206467072,13609944,11,103.9211,59.2550,6517002240,0.0000,0.0000
6.960079,206467072,14004360,11,99.8546,57.1436,6517002240,0.0000,0.0000
7.012697,206467072,14503760,11,100.8526,57.6470,6517002240,0.0000,0.0000
7.063210,206467072,14799472,11,103.9233,58.4941,6517002240,0.0000,0.0000
7.115831,206467072,15193872,11,92.2774,55.2924,6517002240,0.0000,0.0000
7.168488,206467072,15555400,11,107.4214,57.2404,6517002240,0.0000,0.0000
7.219033,206467072,15941600,11,103.8718,59.0751,6517002240,0.0000,0.0000
7.271582,206467072,16377120,11,99.8417,57.1077,6517002240,0.0000,0.0000
7.324124,206467072,16796200,11,99.8628,57.1556,6517002240,0.0000,0.0000
7.376694,206467072,17386864,11,99.8469,57.5091,6517002240,0.0000,0.0000
7.427207,206467072,17493504,11,103.9435,58.9477,6517002240,0.0000,0.0000
7.479812,206467072,17664600,11,99.8057,56.6234,6517002240,0.0000,0.0000
7.532648,206467072,18065976,11,99.9090,56.4593,6517002240,0.0000,0.0000
7.583144,206467072,18550872,11,103.9473,59.2163,6517002240,0.0000,0.0000
7.635203,206467072,18904136,11,101.5642,57.7789,6517002240,0.0000,0.0000
7.687853,206462976,19010776,11,3.5974,44.9864,6517002240,0.0000,0.0000
