run,model,format,model_bytes,dimensions,batch,threads,ordering,count,load_seconds,loaded_rss_bytes,peak_rss_bytes,median_rss_bytes,embedding_per_second,records_per_second,average_batch_ms,p95_batch_ms,average_process_cpu_percent,peak_sampled_process_cpu_percent,average_capacity_cpu_percent,peak_sampled_capacity_cpu_percent
bench-fp32-1-t2,bge-fp32.onnx,FP32,133093490,384,1,2,id,512,0.2278185,290668544,376934400,376496128,43.94137369385121,43.37093438044548,23.010391210937495,41.6602,188.60896969710933,299.34108366120944,23.841687080377095,37.43469686089969
bench-fp32-16-t2,bge-fp32.onnx,FP32,133093490,384,16,2,id,512,0.2328809,293462016,1036107776,1028472832,12.378595534124766,12.370077403198358,1293.3288750000002,3094.5738,198.54587662338966,307.2134727447528,24.913240535403723,38.41305775446348
bench-fp32-32-t2,bge-fp32.onnx,FP32,133093490,384,32,2,id,512,0.2392445,293662720,1999691776,1984737280,7.6809701948667675,7.677620425197086,4167.77640625,7034.0622,198.58148734884628,281.4204187673068,24.872088657211737,35.807695739683204
bench-fp32-64-t2,bge-fp32.onnx,FP32,133093490,384,64,2,id,512,0.2312271,290537472,3760799744,3725729792,6.058102582700588,6.056590558272149,10566.6782125,12205.7914,199.4895867453408,292.24055457692884,24.965895739731767,36.52698475369033
bench-fp32-8-t2,bge-fp32.onnx,FP32,133093490,384,8,2,id,512,0.265118,293720064,648318976,643907584,17.786590292159616,17.761678358158466,450.32522500000016,1360.9177,198.24411100539714,305.23107574445845,24.80792749575317,38.85524634119516
bench-int8-1-t1,bge-int8.onnx,INT8,34014426,384,1,1,id,512,0.1434114,125804544,206413824,205877248,69.52217976149058,68.27722050423074,14.603439062499989,27.4154,112.14194748796305,206.7973923472434,14.420453252377298,35.20594654380054
bench-int8-1-t1-affinity2,bge-int8.onnx,INT8,34014426,384,1,1,id,512,0.1435384,126439424,205635584,204918784,72.08711660459997,70.86947278496667,14.069699414062507,23.6874,113.8462298264059,203.53797357154053,57.79736595086446,131.87082426332748
bench-int8-1-t2,bge-int8.onnx,INT8,34014426,384,1,2,id,512,0.1356242,125992960,206696448,205852672,89.94697292158679,87.99710393281228,11.323003320312504,21.8382,180.96879414732635,280.45321305553483,22.80037410193039,38.30599961241345
bench-int8-1-t4,bge-int8.onnx,INT8,34014426,384,1,4,id,512,0.1497564,125878272,207319040,200990720,87.26194744737845,85.304399502762,11.679384570312507,20.4809,239.1744593429652,387.15362405789386,29.981573327887528,51.59738294114662
bench-int8-16-length,bge-int8.onnx,INT8,34014426,384,16,2,length,512,0.1473261,126394368,1127182336,617172992,91.65650642955178,90.96667190791047,175.77201874999997,311.0795,197.04589286364686,300.8368184344424,24.59772303750682,37.61913724531819
bench-int8-16-t2,bge-int8.onnx,INT8,34014426,384,16,2,id,512,0.1370589,126582784,1127514112,1119051776,23.353752373513235,23.319961430605666,685.9871406249999,1650.1213,198.53308424335157,304.50103419773336,24.85864068309363,39.42784548435071
bench-int8-32-length,bge-int8.onnx,INT8,34014426,384,32,2,length,512,0.1446611,126410752,2113126400,1094529024,79.52451423141662,79.13398364878607,404.19382499999995,3024.4472,197.82942592545223,290.3164240657004,24.740162240308422,38.01092786507208
bench-int8-32-t2,bge-int8.onnx,INT8,34014426,384,32,2,id,512,0.1430366,126664704,2122276864,2106843136,15.084582050453957,15.074232454162388,2122.6399374999996,3281.3516,198.59224569529164,288.69557637484166,24.831190704590295,36.36483983252561
bench-int8-64-length,bge-int8.onnx,INT8,34014426,384,64,2,length,512,0.1372381,126619648,4068028416,4067950592,50.82692579027605,50.687879068858116,1262.2814374999998,6829.7791,198.40218935205664,295.4867078690444,24.62986650518595,36.95267417111487
bench-int8-64-t2,bge-int8.onnx,INT8,34014426,384,64,2,id,512,0.1532361,126472192,4262236160,4232101888,11.979269490435822,11.97346839362028,5344.819412499999,6608.935,199.12946430330575,298.1181324944153,24.902960157023152,37.26429163057205
bench-int8-8-length,bge-int8.onnx,INT8,34014426,384,8,2,length,512,0.1412911,126783488,385433600,188747776,108.73600804374621,107.46167034264637,74.360934375,133.1038,202.53405952516005,296.17920994098165,28.14411031671031,108.76706196575878
bench-int8-8-t2,bge-int8.onnx,INT8,34014426,384,8,2,id,512,0.1579968,126672896,618967040,614584320,34.62294329911477,34.53046452255772,231.58549843749998,791.162,200.63570315416771,305.53413317453584,25.106143416769807,40.68056113096336
bench-nomic-1-t2,nomic-fp32.onnx,FP32,547310275,768,1,2,id,512,0.7729435,1108017152,1171496960,1168257024,9.61635298689811,9.587626269459301,104.24959140624993,195.0291,190.63846381509063,297.1757485461799,23.86313679847014,45.69451332889375
contention-idle,bge-int8.onnx,INT8,34014426,384,1,1,id,512,0.1377734,126070784,206446592,205955072,69.02757976726674,67.8360075117779,14.699696093749997,26.2237,112.34587513351902,206.82675063479218,14.330772175249951,34.13388911435779
contention-moderate,bge-int8.onnx,INT8,34014426,384,1,1,id,512,0.1654725,126226432,206467072,205930496,70.69924871001488,69.51467851993311,14.344702734374984,26.5505,113.52732698723153,216.94541051907046,59.28640071835233,74.62703914283836
